Day,Date
6,9/24/2025
1,9/25/2025
2,9/26/2025
3,9/29/2025
4,9/30/2025
5,10/1/2025
6,10/6/2025
1,10/7/2025
2,10/8/2025
5,10/13/2025
6,10/14/2025
1,10/15/2025
2,10/16/2025
3,10/17/2025
4,10/20/2025
5,10/21/2025
6,10/22/2025
1,10/23/2025
2,10/27/2025
3,10/28/2025
4,10/29/2025
5,10/30/2025
6,10/31/2025
1,11/3/2025
2,11/4/2025
3,11/5/2025
4,11/6/2025
5,11/7/2025
6,11/10/2025
1,11/11/2025
2,11/12/2025
3,11/13/2025
4,11/17/2025
5,11/18/2025
6,11/19/2025
1,11/20/2025
2,12/1/2025
3,12/2/2025
4,12/3/2025
5,12/4/2025
6,12/5/2025
1,12/8/2025
2,12/9/2025
3,12/10/2025
4,12/11/2025
5,12/12/2025
6,12/15/2025
1,12/16/2025
2,12/17/2025
3,12/18/2025
4,12/19/2025
5,1/5/2026
6,1/6/2026
1,1/7/2026
2,1/8/2026
3,1/9/2026
4,1/12/2026
5,1/13/2026
6,1/14/2026
1,1/15/2026
2,1/16/2026
3,1/20/2026
4,1/21/2026
5,1/22/2026
6,1/23/2026
1,1/26/2026
2,1/27/2026
3,1/28/2026
4,1/29/2026
5,1/30/2026
6,2/2/2026
1,2/3/2026
2,2/4/2026
3,2/5/2026
4,2/6/2026
5,2/9/2026
6,2/10/2026
1,2/11/2026
2,2/12/2026
3,2/18/2026
4,2/19/2026
5,2/20/2026
6,2/23/2026
1,2/24/2026
2,2/25/2026
3,2/26/2026
4,3/3/2026
5,3/4/2026
6,3/5/2026
1,3/6/2026
2,3/9/2026
3,3/10/2026
4,3/11/2026
5,3/12/2026
6,3/13/2026
1,3/16/2026
2,3/17/2026
3,3/18/2026
4,3/19/2026
5,3/20/2026
6,4/6/2026
1,4/7/2026
2,4/8/2026
3,4/9/2026
4,4/10/2026
5,4/13/2026
6,4/14/2026
1,4/15/2026
2,4/16/2026
3,4/17/2026
4,4/20/2026
5,4/21/2026
6,4/22/2026
1,4/23/2026
2,4/27/2026
3,4/28/2026
4,4/29/2026
5,4/30/2026
6,5/1/2026
1,5/4/2026
2,5/5/2026
3,5/6/2026
4,5/7/2026
5,5/8/2026
6,5/11/2026
1,5/12/2026
2,5/13/2026
3,5/14/2026
4,5/15/2026
5,5/18/2026
6,5/19/2026
1,5/20/2026
2,5/21/2026
3,5/22/2026
4,5/26/2026
5,5/27/2026
6,5/28/2026